<?xml version="1.0" encoding="UTF-8"?>
<project xmlns="http://maven.apache.org/POM/4.0.0" xmlns:xsi="http://www.w3.org/2001/XMLSchema-instance"
	xsi:schemaLocation="http://maven.apache.org/POM/4.0.0 https://maven.apache.org/xsd/maven-4.0.0.xsd">
	<modelVersion>4.0.0</modelVersion>
	<parent>
		<groupId>org.springframework.boot</groupId>
		<artifactId>spring-boot-starter-parent</artifactId>
		<version>2.2.4.RELEASE</version>
		<relativePath/> <!-- lookup parent from repository -->
	</parent>
	<groupId>com.snhu</groupId>
	<artifactId>Module2.2</artifactId>
	<version>0.0.1-SNAPSHOT</version>
	<name>Module2.2</name>
	<description>Module 2-2 for static testing</description>

	<properties>
		<java.version>1.8</java.version>
	</properties>

	<dependencies>
		<dependency>
			<groupId>org.springframework.boot</groupId>
			<artifactId>spring-boot-starter-web</artifactId>
		</dependency>

		<dependency>
			<groupId>org.springframework.boot</groupId>
			<artifactId>spring-boot-starter-test</artifactId>
			<scope>test</scope>
			<exclusions>
				<exclusion>
					<groupId>org.junit.vintage</groupId>
					<artifactId>junit-vintage-engine</artifactId>
				</exclusion>
			</exclusions>
		</dependency>
		<!-- https://mvnrepository.com/artifact/org.mongodb/mongo-java-driver -->
		<dependency>
		    <groupId>org.mongodb</groupId>
		    <artifactId>mongo-java-driver</artifactId>
		    <version>2.4</version>
		</dependency>
		
	</dependencies>

	<build>
		<plugins>
			<plugin>
            	<groupId>org.owasp</groupId>
            	<artifactId>dependency-check-maven</artifactId>
            	<version>6.3.2</version>
            	<executions>
                  <execution>
					  <goals>
                          <goal>check</goal>
                      </goals>
                  </execution>
              </executions>
            </plugin>
			
			<plugin>
				<groupId>org.springframework.boot</groupId>
				<artifactId>spring-boot-maven-plugin</artifactId>
			</plugin>
			
            
		</plugins>
	</build>

</project>
